,City,Cloudiness,Country,Date,Humidity,Lat,Lng,Max Temp,Wind Speed
0,kaeo,100.0,NZ,2019-08-24 14:26:31,100.0,-35.1,173.78,51.00800000000001,1.006623
1,port alfred,0.0,ZA,2019-08-24 14:26:31,78.0,-33.59,26.89,64.00400000000005,1.9908766000000002
2,praia da vitoria,20.0,PT,2019-08-24 14:26:32,69.0,38.73,-27.07,73.4,12.862405
3,khatanga,69.0,RU,2019-08-24 14:26:32,93.0,71.98,102.47,50.352800000000045,7.806920600000001
4,rovaniemi,20.0,FI,2019-08-24 14:26:32,76.0,66.5,25.72,51.8,5.816044000000001
5,jamestown,0.0,AU,2019-08-24 14:22:01,95.0,-33.21,138.6,38.29280000000007,5.0554844
6,tuktoyaktuk,90.0,CA,2019-08-24 14:26:32,93.0,69.44,-133.03,39.2,17.224438000000003
7,atherton,90.0,AU,2019-08-24 14:23:43,82.0,-17.27,145.48,64.4,10.289924
8,kodiak,75.0,US,2019-08-24 14:26:33,61.0,39.95,-94.76,78.00800000000001,14.987498000000002
9,alofi,6.0,NU,2019-08-24 14:26:33,83.0,-19.06,-169.92,78.80000000000001,5.816044000000001
10,atuona,53.0,PF,2019-08-24 14:26:33,74.0,-9.8,-139.03,78.4328000000001,13.980875000000001
11,dikson,83.0,RU,2019-08-24 14:26:34,97.0,73.51,80.55,41.17280000000001,12.7058192
12,harper,1.0,US,2019-08-24 14:26:34,55.0,30.3,-99.24,93.00200000000008,4.697574
13,ginir,19.0,ET,2019-08-24 14:26:34,82.0,7.14,40.71,61.69280000000007,4.9883762
14,shimoda,98.0,JP,2019-08-24 14:26:34,3.0,34.7,138.93,75.99199999999999,10.7596814
15,whitehorse,90.0,CA,2019-08-24 14:26:35,87.0,60.72,-135.06,48.00200000000008,8.052984
16,hasaki,75.0,JP,2019-08-24 14:26:35,94.0,35.73,140.83,73.4,5.816044000000001
17,klaksvik,97.0,FO,2019-08-24 14:26:35,100.0,62.23,-6.59,51.8,12.750558000000002
18,new norfolk,40.0,AU,2019-08-24 14:26:35,60.0,-42.78,147.06,42.998000000000026,5.816044000000001
19,luderitz,0.0,NA,2019-08-24 14:26:36,15.0,-26.65,15.16,80.6,10.289924
20,bluff,0.0,AU,2019-08-24 14:26:36,88.0,-23.58,149.07,53.59280000000007,5.1673314
21,vaini,93.0,IN,2019-08-24 14:26:36,91.0,15.34,74.49,76.27280000000002,3.6462122
22,busselton,100.0,AU,2019-08-24 14:26:36,58.0,-33.64,115.35,44.99600000000005,11.184700000000001
23,carnarvon,0.0,ZA,2019-08-24 14:26:37,17.0,-30.97,22.13,64.5728,12.2360618
24,bethel,90.0,US,2019-08-24 14:24:29,81.0,60.79,-161.76,53.6,5.816044000000001
25,saskylakh,61.0,RU,2019-08-24 14:26:37,87.0,71.97,114.09,46.21280000000003,5.010745600000001
26,chapais,1.0,CA,2019-08-24 14:26:37,40.0,49.78,-74.86,69.80000000000001,3.35541
27,batagay,5.0,RU,2019-08-24 14:26:38,72.0,67.65,134.64,51.25280000000005,1.230317
28,bredasdorp,0.0,ZA,2019-08-24 14:26:38,87.0,-34.53,20.04,55.99400000000007,2.23694
29,ushuaia,75.0,AR,2019-08-24 14:26:38,66.0,-54.81,-68.31,48.2,12.750558000000002
30,bambous virieux,75.0,MU,2019-08-24 14:26:38,88.0,-20.34,57.76,69.80000000000001,3.35541
31,upernavik,39.0,GL,2019-08-24 14:26:39,62.0,72.79,-56.15,42.79280000000007,6.554234200000001
32,cape town,20.0,ZA,2019-08-24 14:22:55,93.0,-33.93,18.42,60.00800000000001,17.224438000000003
33,punta arenas,75.0,CL,2019-08-24 14:25:31,75.0,-53.16,-70.91,46.4,10.289924
34,kachug,100.0,RU,2019-08-24 14:26:39,93.0,53.96,105.89,52.69280000000007,4.0936002
35,lakes entrance,83.0,AU,2019-08-24 14:26:39,79.0,-37.88,147.99,46.99400000000007,1.006623
36,kapaa,75.0,US,2019-08-24 14:23:48,70.0,22.08,-159.32,87.80000000000001,11.408394
37,wageningen,40.0,NL,2019-08-24 14:26:40,53.0,51.98,5.66,80.00600000000003,2.23694
38,arlit,82.0,NE,2019-08-24 14:26:40,33.0,18.74,7.39,94.99280000000007,10.3570322
39,tiksi,100.0,RU,2019-08-24 14:26:41,96.0,71.64,128.87,48.19280000000007,2.9751302
40,bilma,95.0,NE,2019-08-24 14:26:41,31.0,18.69,12.92,94.99280000000007,4.787051600000001
41,puerto ayora,20.0,EC,2019-08-24 14:26:41,65.0,-0.74,-90.35,80.6,10.289924
42,ponta do sol,0.0,BR,2019-08-24 14:26:41,27.0,-20.63,-46.0,76.81280000000004,7.3371632
43,quatre cocos,75.0,MU,2019-08-24 14:26:41,88.0,-20.21,57.76,69.80000000000001,3.35541
44,port blair,100.0,IN,2019-08-24 14:26:42,82.0,11.67,92.75,82.0328000000001,22.168075400000003
45,saint-augustin,20.0,CA,2019-08-24 14:26:42,56.0,45.63,-73.98,73.00400000000005,3.35541
46,tommot,92.0,RU,2019-08-24 14:26:42,94.0,58.97,126.27,52.15280000000005,1.3197946
47,rikitea,80.0,PF,2019-08-24 14:26:43,68.0,-23.12,-134.97,70.33280000000009,20.9601278
48,aksha,49.0,RU,2019-08-24 14:26:43,93.0,50.28,113.29,51.07280000000001,1.9908766000000002
49,nishihara,75.0,JP,2019-08-24 14:26:43,88.0,35.74,139.53,77.0,11.408394
50,barrow,100.0,AR,2019-08-24 14:26:43,50.0,-38.31,-60.23,64.0328000000001,15.479624800000002
51,waipawa,0.0,NZ,2019-08-24 14:26:44,83.0,-39.94,176.59,48.992,7.0016222
52,hobart,40.0,AU,2019-08-24 14:26:44,60.0,-42.88,147.33,42.998000000000026,5.816044000000001
53,port-cartier,20.0,CA,2019-08-24 14:26:44,52.0,50.03,-66.88,66.2,11.408394
54,trofors,100.0,NO,2019-08-24 14:26:45,77.0,65.54,13.39,59.0,4.697574
55,galle,98.0,GN,2019-08-24 14:26:45,92.0,10.08,-12.83,73.39280000000008,7.605596
56,hobyo,84.0,SO,2019-08-24 14:26:45,76.0,5.35,48.53,77.35280000000006,26.194567400000004
57,monrovia,75.0,LR,2019-08-24 14:26:45,94.0,6.33,-10.8,78.80000000000001,9.6859502
58,east london,0.0,ZA,2019-08-24 14:26:46,40.0,-33.02,27.91,71.6,6.934514000000001
59,rio gallegos,40.0,AR,2019-08-24 14:26:46,61.0,-51.62,-69.22,50.0,6.934514000000001
60,vutcani,0.0,RO,2019-08-24 14:26:46,48.0,46.46,27.95,75.19280000000006,8.903021200000001
61,lebu,75.0,ET,2019-08-24 14:26:46,87.0,8.96,38.73,57.2,8.052984
62,nouadhibou,16.0,MR,2019-08-24 14:26:47,78.0,20.93,-17.03,75.2,10.289924
63,asosa,66.0,ET,2019-08-24 14:26:47,93.0,10.07,34.53,63.312800000000024,3.5791040000000005
64,iskateley,31.0,RU,2019-08-24 14:26:47,94.0,67.68,53.15,39.19280000000007,7.046361
65,albany,40.0,US,2019-08-24 14:26:48,49.0,42.65,-73.75,75.00200000000008,11.408394
66,twin falls,1.0,US,2019-08-24 14:26:48,20.0,42.57,-114.46,93.00200000000008,8.052984
67,portage,1.0,US,2019-08-24 14:21:53,46.0,41.58,-87.18,75.99199999999999,8.052984
68,kavaratti,98.0,IN,2019-08-24 14:26:48,80.0,10.57,72.64,82.0328000000001,15.479624800000002
69,alekseyevka,0.0,RU,2019-08-24 14:26:49,67.0,53.25,50.49,60.8,4.47388
70,mayo,75.0,CA,2019-08-24 14:26:49,57.0,63.59,-135.9,50.0,2.23694
71,hovd,40.0,NO,2019-08-24 14:26:49,82.0,63.83,10.7,60.998000000000026,3.35541
72,saint george,0.0,GR,2019-08-24 14:26:49,50.0,39.45,22.34,84.99199999999999,3.8475368000000003
73,severo-kurilsk,100.0,RU,2019-08-24 14:26:50,92.0,50.68,156.12,47.65280000000005,25.120836200000003
74,cabo san lucas,40.0,MX,2019-08-24 14:24:49,78.0,22.89,-109.91,89.00600000000003,12.750558000000002
75,jumla,37.0,NP,2019-08-24 14:26:50,96.0,29.28,82.18,52.51280000000003,1.901399
76,formosa do rio preto,53.0,BR,2019-08-24 14:26:51,19.0,-11.04,-45.19,93.73280000000008,8.6569578
77,geraldton,75.0,CA,2019-08-24 14:23:52,55.0,49.72,-86.95,66.2,8.052984
78,mattawa,40.0,CA,2019-08-24 14:26:51,52.0,46.32,-78.7,73.00400000000005,10.289924
79,victoria,75.0,BN,2019-08-24 14:22:25,83.0,5.28,115.24,80.6,8.052984
80,castro,75.0,CL,2019-08-24 14:21:55,76.0,-42.48,-73.76,51.8,12.750558000000002
81,faanui,68.0,PF,2019-08-24 14:26:51,71.0,-16.48,-151.75,77.71280000000003,7.9858758000000005
82,mataura,77.0,NZ,2019-08-24 14:26:52,88.0,-46.19,168.86,42.998000000000026,1.9908766000000002
83,umm lajj,0.0,SA,2019-08-24 14:26:52,67.0,25.02,37.27,87.9728,7.3371632
84,chokurdakh,94.0,RU,2019-08-24 14:22:51,69.0,70.62,147.9,54.13280000000009,5.391025400000001
85,hermanus,0.0,ZA,2019-08-24 14:26:53,95.0,-34.42,19.24,66.00200000000008,21.8996426
86,mar del plata,59.0,AR,2019-08-24 14:26:53,39.0,-46.43,-67.52,58.812800000000024,24.1813214
87,weihai,0.0,CN,2019-08-24 14:26:53,60.0,37.5,122.11,80.00600000000003,5.569980600000001
88,kruisfontein,0.0,ZA,2019-08-24 14:26:53,76.0,-34.0,24.73,57.19280000000007,5.860782800000001
89,airai,31.0,TL,2019-08-24 14:26:54,67.0,-8.93,125.41,66.01280000000003,4.451510600000001
90,karasjok,44.0,NO,2019-08-24 14:26:54,75.0,69.47,25.52,44.6,5.816044000000001
91,butaritari,59.0,KI,2019-08-24 14:26:54,70.0,3.07,172.79,84.19280000000006,6.598973000000001
92,sao filipe,80.0,CV,2019-08-24 14:26:54,84.0,14.9,-24.5,78.25280000000005,11.4531328
93,fort nelson,40.0,CA,2019-08-24 14:26:55,67.0,58.81,-122.69,59.0,3.35541
94,bathsheba,40.0,BB,2019-08-24 14:26:55,66.0,13.22,-59.52,87.80000000000001,18.342908
95,naze,100.0,NG,2019-08-24 14:26:55,94.0,5.43,7.07,73.21280000000003,5.5028724
96,iqaluit,75.0,CA,2019-08-24 14:26:56,57.0,63.75,-68.52,50.0,2.23694
97,georgetown,20.0,GY,2019-08-24 14:26:56,70.0,6.8,-58.16,86.0,13.869028000000002
98,hofn,100.0,IS,2019-08-24 14:26:56,90.0,64.25,-15.21,40.812800000000024,15.7927964
99,tartagal,0.0,AR,2019-08-24 14:26:56,42.0,-22.52,-63.8,86.0,11.408394
100,saint anthony,1.0,US,2019-08-24 14:26:57,19.0,43.97,-111.68,80.99600000000005,13.869028000000002
101,westport,20.0,US,2019-08-24 14:26:57,41.0,41.14,-73.36,78.00800000000001,11.408394
102,banda aceh,95.0,ID,2019-08-24 14:25:03,89.0,5.56,95.32,78.61280000000002,26.463000200000003
103,pisco,20.0,PE,2019-08-24 14:26:58,30.0,-13.71,-76.2,71.6,11.408394
104,constitucion,75.0,MX,2019-08-24 14:26:58,46.0,23.99,-104.67,77.0,5.816044000000001
105,xixiang,0.0,CN,2019-08-24 14:26:58,79.0,22.58,113.87,84.2,6.71082
106,maralal,79.0,KE,2019-08-24 14:26:58,69.0,1.1,36.7,66.55280000000005,10.5583568
107,robertsport,100.0,LR,2019-08-24 14:26:59,88.0,6.75,-11.37,76.45280000000005,8.388525000000001
108,hualmay,53.0,PE,2019-08-24 14:26:59,88.0,-11.1,-77.61,59.17280000000001,10.3570322
109,lompoc,1.0,US,2019-08-24 14:26:05,68.0,34.64,-120.46,80.99600000000005,14.987498000000002
110,mahebourg,75.0,MU,2019-08-24 14:26:59,88.0,-20.41,57.7,69.80000000000001,3.35541
111,hervey bay,0.0,AU,2019-08-24 14:27:00,93.0,-25.3,152.85,53.00600000000003,2.23694
112,tuatapere,87.0,NZ,2019-08-24 14:27:00,88.0,-46.13,167.69,42.998000000000026,1.9908766000000002
113,touros,75.0,BR,2019-08-24 14:27:01,74.0,-5.2,-35.46,80.6,16.105968
114,axim,98.0,GH,2019-08-24 14:27:01,90.0,4.87,-2.24,75.91280000000003,11.721565600000002
115,hilo,90.0,US,2019-08-24 14:27:01,69.0,19.71,-155.08,82.4,12.974252
116,san cristobal,29.0,HN,2019-08-24 14:27:02,36.0,14.68,-86.92,87.9728,9.1043458
117,zhangye,5.0,CN,2019-08-24 14:27:02,37.0,38.94,100.46,67.63280000000009,4.7423128000000005
118,llanes,45.0,ES,2019-08-24 14:27:02,96.0,43.42,-4.75,69.00800000000001,8.1872004
119,russell,90.0,US,2019-08-24 14:27:03,73.0,38.9,-98.86,78.99800000000002,14.987498000000002
120,kaitangata,55.0,NZ,2019-08-24 14:27:03,66.0,-46.28,169.85,44.00600000000003,4.0041226000000005
121,meulaboh,100.0,ID,2019-08-24 14:27:03,91.0,4.14,96.13,75.37280000000001,5.2120702
122,panorama,0.0,BR,2019-08-24 14:27:04,19.0,-21.35,-51.86,88.15280000000004,7.717443000000001
123,taksimo,37.0,RU,2019-08-24 14:26:21,89.0,56.36,114.84,49.272800000000004,0.8052984
124,carauari,35.0,BR,2019-08-24 14:27:04,37.0,-4.88,-66.9,96.79280000000007,0.8052984
125,hay river,75.0,CA,2019-08-24 14:27:04,82.0,60.82,-115.79,59.0,5.816044000000001
126,norman wells,75.0,CA,2019-08-24 14:27:05,76.0,65.28,-126.83,50.0,14.987498000000002
127,itaituba,20.0,BR,2019-08-24 14:27:05,53.0,-4.26,-55.99,95.0,8.052984
128,qarqin,0.0,AF,2019-08-24 14:27:05,17.0,37.41,66.03,75.91280000000003,6.330540200000001
129,russkiy kameshkir,0.0,RU,2019-08-24 14:27:05,65.0,52.86,46.09,58.45280000000005,3.0422384000000005
130,palimbang,75.0,PH,2019-08-24 14:27:06,100.0,14.9,120.78,77.0,2.23694
131,kumba,87.0,CM,2019-08-24 14:27:06,84.0,4.64,9.44,74.65280000000004,4.47388
132,brae,100.0,GB,2019-08-24 14:27:06,82.0,60.4,-1.35,59.0,13.869028000000002
133,dongsheng,9.0,CN,2019-08-24 14:27:07,70.0,29.72,112.52,78.4328000000001,6.8002976
134,turukhansk,100.0,RU,2019-08-24 14:27:07,72.0,65.8,87.96,55.392800000000065,6.956883400000001
135,port elizabeth,90.0,US,2019-08-24 14:27:07,39.0,39.31,-74.98,80.00600000000003,9.171454
136,oranjemund,0.0,ZA,2019-08-24 14:27:08,56.0,-28.55,16.43,62.95280000000005,7.270055
137,saldanha,95.0,PT,2019-08-24 14:27:08,24.0,41.42,-6.55,88.33280000000009,14.092722
138,vakhrushevo,0.0,RU,2019-08-24 14:27:08,87.0,55.23,61.73,50.0,8.94776
139,forssa,0.0,FI,2019-08-24 14:27:08,77.0,60.82,23.63,59.0,4.697574
140,rocha,96.0,UY,2019-08-24 14:27:09,65.0,-34.48,-54.34,58.812800000000024,8.7016966
141,apodi,6.0,BR,2019-08-24 14:27:09,21.0,-5.66,-37.8,95.89280000000008,10.066230000000001
142,hithadhoo,100.0,MV,2019-08-24 14:27:09,68.0,-0.6,73.08,83.29280000000007,8.724066
143,havoysund,81.0,NO,2019-08-24 14:27:10,80.0,71.0,24.66,41.0,4.697574
144,eureka,1.0,US,2019-08-24 14:27:10,72.0,40.8,-124.16,86.0,5.816044000000001
145,kachiry,71.0,KZ,2019-08-24 14:27:10,73.0,53.07,76.1,65.29280000000007,7.7845512
146,saint-philippe,20.0,CA,2019-08-24 14:27:10,56.0,45.36,-73.48,73.00400000000005,3.35541
147,morro bay,90.0,US,2019-08-24 14:25:25,82.0,35.37,-120.85,89.00600000000003,8.052984
148,deputatskiy,81.0,RU,2019-08-24 14:27:11,83.0,69.3,139.9,49.09280000000007,2.3264176
149,zhigansk,26.0,RU,2019-08-24 14:23:22,84.0,66.77,123.37,49.09280000000007,4.6304658
150,katsuura,75.0,JP,2019-08-24 14:22:41,83.0,33.93,134.5,71.99600000000005,6.934514000000001
151,mehamn,90.0,NO,2019-08-24 14:27:11,71.0,71.03,27.85,40.99280000000007,7.471379600000001
152,ocotlan,75.0,MX,2019-08-24 14:24:37,60.0,20.35,-102.77,73.99400000000009,1.0961006
153,mus,0.0,FR,2019-08-24 14:27:12,57.0,43.74,4.2,82.4,8.052984
154,ribeira grande,20.0,PT,2019-08-24 14:22:18,64.0,38.52,-28.7,73.4,13.869028000000002
155,coahuayana,84.0,MX,2019-08-24 14:27:12,69.0,18.62,-100.35,84.19280000000006,2.9527608000000005
156,petrolina,20.0,BR,2019-08-24 14:27:12,27.0,-9.38,-40.5,91.4,13.869028000000002
157,zhicheng,95.0,CN,2019-08-24 14:27:13,58.0,35.04,112.59,76.09280000000007,6.666081200000001
158,avarua,47.0,CK,2019-08-24 14:27:13,83.0,-21.21,-159.78,75.2,8.052984
159,black river,20.0,JM,2019-08-24 14:27:13,74.0,18.03,-77.85,87.80000000000001,18.342908
160,alapur,66.0,IN,2019-08-24 14:27:14,82.0,27.96,79.23,82.75280000000005,7.0239916000000004
161,chodavaram,100.0,IN,2019-08-24 14:27:14,93.0,17.44,81.78,71.95280000000005,4.3396636
162,tutayev,0.0,RU,2019-08-24 14:27:14,87.0,57.89,39.54,59.0,8.94776
163,cayenne,56.0,GF,2019-08-24 14:27:15,62.0,4.94,-52.33,87.80000000000001,6.934514000000001
164,lasa,20.0,CY,2019-08-24 14:27:15,94.0,34.92,32.53,82.4,8.052984
165,pevek,58.0,RU,2019-08-24 14:27:15,79.0,69.7,170.27,41.892800000000065,2.2145706
166,yulara,0.0,AU,2019-08-24 14:27:15,57.0,-25.24,130.99,51.8,6.934514000000001
167,port augusta,90.0,AU,2019-08-24 14:24:58,71.0,-32.49,137.76,50.0,9.171454
168,kenai,40.0,US,2019-08-24 14:27:16,51.0,60.55,-151.26,60.998000000000026,8.052984
169,canto do buriti,33.0,BR,2019-08-24 14:27:16,21.0,-8.11,-42.94,93.55280000000005,8.7016966
170,isiro,52.0,CD,2019-08-24 14:27:17,94.0,2.77,27.62,69.9728,3.1988242000000002
171,evensk,100.0,RU,2019-08-24 14:27:17,98.0,61.92,159.24,50.892800000000065,7.471379600000001
172,esperance,40.0,AU,2019-08-24 14:27:17,81.0,-33.86,121.89,42.8,8.052984
173,qaanaaq,94.0,GL,2019-08-24 14:27:17,62.0,77.48,-69.36,37.57280000000001,27.380145600000002
174,makakilo city,75.0,US,2019-08-24 14:27:18,69.0,21.35,-158.09,86.0,9.171454
175,comodoro rivadavia,0.0,AR,2019-08-24 14:27:18,36.0,-45.87,-67.48,64.4,17.224438000000003
176,vila,0.0,IT,2019-08-24 14:27:18,54.0,45.18,8.4,80.6,5.816044000000001
177,son la,0.0,VN,2019-08-24 14:22:55,92.0,21.32,103.9,66.91280000000003,0.44738800000000006
178,santa marta,40.0,CO,2019-08-24 14:27:18,66.0,11.24,-74.21,89.6,5.816044000000001
179,eucaliptus,13.0,BO,2019-08-24 14:27:19,19.0,-17.6,-67.51,58.992800000000074,6.3529096
180,okhotsk,87.0,RU,2019-08-24 14:27:19,94.0,59.36,143.24,52.69280000000007,4.7423128000000005
181,krasnyy yar,27.0,RU,2019-08-24 14:27:19,64.0,50.7,44.73,67.99280000000007,5.7265664
182,aleksandriya,100.0,RU,2019-08-24 14:27:19,48.0,45.09,43.24,76.45280000000005,3.7804286
183,perpignan,0.0,FR,2019-08-24 14:27:20,73.0,42.7,2.88,80.00600000000003,5.816044000000001
184,teya,75.0,MX,2019-08-24 14:27:20,52.0,21.05,-89.07,96.99800000000003,5.816044000000001
185,sinnamary,61.0,GF,2019-08-24 14:27:20,68.0,5.38,-52.96,83.11280000000002,8.0306146
186,ixtapa,40.0,MX,2019-08-24 14:27:20,63.0,20.71,-105.21,91.4,9.171454
187,soro,11.0,VE,2019-08-24 14:27:21,71.0,10.54,-62.45,83.11280000000002,7.046361
188,nikolskoye,20.0,RU,2019-08-24 14:27:21,82.0,59.7,30.79,60.00800000000001,8.94776
189,vorontsovka,20.0,RU,2019-08-24 14:27:21,76.0,50.61,40.34,67.45280000000005,8.3661556
190,alice springs,0.0,AU,2019-08-24 14:27:22,21.0,-23.7,133.88,48.2,3.35541
191,mocuba,65.0,MZ,2019-08-24 14:27:22,90.0,-16.84,36.99,68.71280000000003,3.8251674
192,tautira,20.0,PF,2019-08-24 14:23:21,65.0,-17.73,-149.15,80.6,8.052984
193,penzance,45.0,GB,2019-08-24 14:27:23,93.0,50.12,-5.53,66.2,8.052984
194,mecca,2.0,SA,2019-08-24 14:25:48,36.0,21.43,39.83,89.59280000000007,3.0198690000000004
195,yellowknife,75.0,CA,2019-08-24 14:27:23,81.0,62.45,-114.38,57.00200000000008,8.052984
196,jardim,0.0,BR,2019-08-24 14:27:23,21.0,-21.48,-56.15,92.65280000000004,5.0331150000000004
197,ninghai,0.0,CN,2019-08-24 14:27:23,88.0,29.29,121.42,82.99400000000009,6.71082
198,half moon bay,90.0,US,2019-08-24 14:26:09,87.0,37.46,-122.43,82.00400000000005,6.934514000000001
199,souillac,0.0,FR,2019-08-24 14:27:24,33.0,45.6,-0.6,87.80000000000001,9.171454
200,cotonou,40.0,BJ,2019-08-24 14:27:24,88.0,6.37,2.43,78.80000000000001,13.869028000000002
201,colombo,40.0,BR,2019-08-24 14:27:24,67.0,-25.29,-49.22,62.00600000000003,10.289924
202,vanavara,100.0,RU,2019-08-24 14:27:24,96.0,60.35,102.28,52.15280000000005,5.6818276
203,thompson,90.0,CA,2019-08-24 14:24:17,100.0,55.74,-97.86,60.8,3.35541
204,chuy,69.0,UY,2019-08-24 14:27:25,73.0,-33.69,-53.46,55.21280000000003,6.8002976
205,hamilton,40.0,CA,2019-08-24 14:25:25,52.0,43.26,-79.87,73.99400000000009,5.816044000000001
206,cherskiy,37.0,RU,2019-08-24 14:27:25,50.0,68.75,161.3,53.772800000000004,5.0554844
207,sur,0.0,OM,2019-08-24 14:27:25,58.0,22.57,59.53,84.19280000000006,9.9767524
208,nelson bay,0.0,AU,2019-08-24 14:27:26,87.0,-32.72,152.14,57.992,16.844158200000003
209,cidreira,9.0,BR,2019-08-24 14:27:26,56.0,-30.17,-50.22,63.492800000000074,10.893897800000001
210,kalemie,2.0,CD,2019-08-24 14:27:26,47.0,-5.95,29.2,69.25280000000005,1.6553356000000001
211,coihaique,90.0,CL,2019-08-24 14:27:26,87.0,-45.58,-72.07,42.8,6.934514000000001
212,inhambane,20.0,MZ,2019-08-24 14:22:30,77.0,-23.87,35.38,66.2,5.010745600000001
213,russkaya polyana,12.0,RU,2019-08-24 14:27:27,69.0,53.78,73.88,59.17280000000001,8.724066
214,karakol,65.0,KG,2019-08-24 14:27:27,60.0,42.49,78.39,57.19280000000007,7.8516594
215,talca,0.0,CL,2019-08-24 14:27:27,42.0,-35.43,-71.66,68.0,9.171454
216,brive-la-gaillarde,47.0,FR,2019-08-24 14:27:28,39.0,45.16,1.53,80.00600000000003,1.6329662
217,trondheim,40.0,NO,2019-08-24 14:24:39,82.0,63.43,10.4,60.8,3.35541
218,lagoa,0.0,PT,2019-08-24 14:23:02,60.0,37.14,-8.45,77.0,11.408394
219,leningradskiy,41.0,RU,2019-08-24 14:27:28,87.0,69.38,178.42,41.352800000000045,6.487126
220,khandbari,99.0,NP,2019-08-24 14:27:28,85.0,27.38,87.21,57.01280000000003,2.3935258000000004
221,vilyuysk,38.0,RU,2019-08-24 14:27:29,90.0,63.75,121.63,50.892800000000065,3.6462122
222,soma,100.0,JP,2019-08-24 14:27:29,67.0,37.8,140.92,69.99800000000002,3.5791040000000005
223,tefe,40.0,BR,2019-08-24 14:27:29,62.0,-3.35,-64.71,89.6,4.697574
224,nicoya,40.0,CR,2019-08-24 14:27:29,49.0,10.15,-85.45,93.2,10.289924
225,vuktyl,100.0,RU,2019-08-24 14:27:30,90.0,63.86,57.31,50.892800000000065,1.8566602
226,valparaiso,1.0,US,2019-08-24 14:27:30,38.0,41.47,-87.06,75.2,11.408394
227,hsinchu,75.0,TW,2019-08-24 14:27:30,83.0,24.8,120.97,86.0,5.816044000000001
228,clyde river,48.0,CA,2019-08-24 14:27:30,47.0,70.47,-68.59,51.79280000000007,3.35541
229,porto novo,40.0,BR,2019-08-24 14:27:31,59.0,-23.68,-45.44,66.2,10.289924
230,abbeville,94.0,FR,2019-08-24 14:27:31,73.0,50.11,1.83,80.99600000000005,5.816044000000001
231,arraial do cabo,20.0,BR,2019-08-24 14:22:33,73.0,-22.97,-42.02,71.6,10.289924
232,veriora,53.0,EE,2019-08-24 14:27:31,87.0,58.01,27.36,62.00600000000003,2.23694
233,koubia,100.0,GN,2019-08-24 14:27:32,95.0,11.59,-11.89,70.69280000000006,2.9080220000000003
234,raudeberg,100.0,NO,2019-08-24 14:27:32,72.0,61.99,5.14,66.00200000000008,20.803542000000004
235,aklavik,75.0,CA,2019-08-24 14:27:32,70.0,68.22,-135.01,46.4,13.869028000000002
236,eirunepe,18.0,BR,2019-08-24 14:27:33,37.0,-6.66,-69.87,93.37280000000001,1.901399
237,rudnogorsk,100.0,RU,2019-08-24 14:27:33,97.0,57.27,103.75,50.71280000000003,3.4225182000000003
238,vila franca do campo,75.0,PT,2019-08-24 14:23:20,94.0,37.72,-25.43,71.6,16.105968
239,aginskoye,22.0,RU,2019-08-24 14:27:33,90.0,51.11,114.54,53.05280000000005,3.5567346000000004
240,ilulissat,5.0,GL,2019-08-24 14:27:34,34.0,69.22,-51.1,48.2,13.869028000000002
241,gat,40.0,SN,2019-08-24 14:27:34,74.0,14.69,-16.54,82.4,12.750558000000002
242,murupara,2.0,NZ,2019-08-24 14:27:34,80.0,-38.46,176.71,48.992,1.006623
243,carmen,75.0,PH,2019-08-24 14:25:17,88.0,7.36,125.71,80.6,1.9908766000000002
244,neyvo-shaytanskiy,22.0,RU,2019-08-24 14:27:35,91.0,57.73,61.25,51.97280000000001,5.2791784
245,baker city,1.0,US,2019-08-24 14:26:33,23.0,44.77,-117.83,82.4,9.171454
246,kirensk,100.0,RU,2019-08-24 14:27:35,96.0,57.78,108.12,57.73280000000009,6.956883400000001
247,nome,75.0,US,2019-08-24 14:27:35,66.0,30.04,-94.42,89.6,5.816044000000001
248,veraval,0.0,FR,2019-08-24 14:27:35,41.0,49.65,0.71,78.80000000000001,4.697574
249,takoradi,99.0,GH,2019-08-24 14:27:36,81.0,4.89,-1.75,76.81280000000004,8.276678
250,kamenka,66.0,MD,2019-08-24 14:27:36,68.0,48.03,28.7,69.00800000000001,1.9908766000000002
251,kavieng,94.0,PG,2019-08-24 14:23:05,78.0,-2.57,150.8,82.21280000000003,11.072853
252,bellefontaine,40.0,US,2019-08-24 14:26:53,46.0,40.36,-83.76,78.00800000000001,11.408394
253,mundo nuevo,0.0,CL,2019-08-24 14:27:37,59.0,-32.72,-71.41,69.80000000000001,12.750558000000002
254,encruzilhada do sul,44.0,BR,2019-08-24 14:27:37,62.0,-30.54,-52.52,64.39280000000008,5.860782800000001
255,kazachinskoye,100.0,RU,2019-08-24 14:27:37,98.0,57.69,93.28,53.772800000000004,3.2883018
256,tasiilaq,20.0,GL,2019-08-24 14:27:37,65.0,65.61,-37.64,46.4,6.934514000000001
257,segamat,75.0,MY,2019-08-24 14:27:37,88.0,2.51,102.82,80.6,2.23694
258,kedougou,99.0,SN,2019-08-24 14:27:38,93.0,12.56,-12.19,78.4328000000001,3.690951
259,islamkot,0.0,PK,2019-08-24 14:27:38,69.0,24.7,70.18,83.4728,16.195445600000003
260,qasigiannguit,5.0,GL,2019-08-24 14:23:10,34.0,68.82,-51.19,48.2,13.869028000000002
261,atambua,54.0,ID,2019-08-24 14:27:38,75.0,-9.11,124.89,74.83280000000009,9.6859502
262,faya,40.0,SA,2019-08-24 14:27:39,52.0,18.39,42.45,71.6,8.052984
263,bandarbeyla,62.0,SO,2019-08-24 14:27:39,61.0,9.49,50.81,81.13280000000009,26.955127000000005
264,torbay,90.0,CA,2019-08-24 14:27:39,76.0,47.66,-52.73,55.400000000000006,20.803542000000004
265,vanimo,41.0,PG,2019-08-24 14:27:39,77.0,-2.67,141.3,82.0328000000001,6.688450600000001
266,katherine,54.0,AU,2019-08-24 14:27:40,41.0,-14.47,132.26,59.0,3.1764548
267,plettenberg bay,0.0,ZA,2019-08-24 14:27:40,66.0,-34.05,23.37,56.83280000000009,4.4291412
268,tigil,96.0,RU,2019-08-24 14:27:40,83.0,57.8,158.67,51.61280000000003,1.7000744
269,natchitoches,75.0,US,2019-08-24 14:27:41,55.0,31.76,-93.09,91.4,9.171454
270,sao joao da barra,75.0,BR,2019-08-24 14:27:41,73.0,-21.64,-41.05,73.4,9.171454
271,samarai,81.0,PG,2019-08-24 14:23:05,91.0,-10.62,150.67,68.17280000000001,4.6752046
272,rock sound,100.0,BS,2019-08-24 14:27:41,80.0,24.9,-76.2,83.83280000000009,14.808542800000001
273,saint-joseph,0.0,FR,2019-08-24 14:27:41,65.0,43.56,6.97,80.6,2.23694
274,provideniya,6.0,RU,2019-08-24 14:27:42,67.0,64.42,-173.23,48.55280000000005,2.9974996000000003
275,fort saint james,86.0,CA,2019-08-24 14:27:42,53.0,54.43,-124.25,59.71280000000003,8.746435400000001
276,karla,0.0,EE,2019-08-24 14:27:42,82.0,59.37,24.93,60.998000000000026,4.697574
277,changying,10.0,CN,2019-08-24 14:27:42,93.0,52.87,123.32,51.61280000000003,2.0579848000000003
278,sorland,100.0,NO,2019-08-24 14:27:43,82.0,67.67,12.69,53.23280000000009,12.012367800000002
279,jaslo,0.0,PL,2019-08-24 14:27:43,64.0,49.75,21.47,68.0,8.052984
280,paamiut,0.0,GL,2019-08-24 14:27:43,66.0,61.99,-49.67,42.25280000000005,7.471379600000001
281,fomboni,78.0,KM,2019-08-24 14:27:43,83.0,-12.28,43.74,77.71280000000003,12.7058192
282,sambava,69.0,MG,2019-08-24 14:27:44,78.0,-14.27,50.17,65.29280000000007,3.802798
283,andradas,0.0,BR,2019-08-24 14:27:39,35.0,-22.07,-46.57,82.00400000000005,4.831790400000001
284,tchibanga,84.0,GA,2019-08-24 14:27:44,85.0,-2.92,11.0,73.0328000000001,4.026492
285,midleton,75.0,IE,2019-08-24 14:27:45,93.0,51.91,-8.17,62.6,5.816044000000001
286,beringovskiy,0.0,RU,2019-08-24 14:27:45,89.0,63.05,179.32,46.932800000000086,7.270055
287,san luis,12.0,AR,2019-08-24 14:25:47,25.0,-33.3,-66.34,75.55280000000005,6.1739543999999995
288,coquimbo,75.0,CL,2019-08-24 14:27:46,76.0,-29.95,-71.34,57.2,13.869028000000002
289,baisha,86.0,CN,2019-08-24 14:27:46,87.0,19.23,109.45,78.0728,9.193823400000001
290,dalvik,27.0,SE,2019-08-24 14:27:46,87.0,57.79,14.13,62.00600000000003,1.8119214000000003
291,tubmanburg,99.0,LR,2019-08-24 14:27:46,94.0,6.87,-10.82,73.5728,4.3396636
292,muskegon,1.0,US,2019-08-24 14:23:20,33.0,43.23,-86.25,75.99199999999999,6.934514000000001
293,alabushevo,40.0,RU,2019-08-24 14:27:47,77.0,56.01,37.13,66.99199999999999,11.184700000000001
294,yeppoon,90.0,AU,2019-08-24 14:27:47,82.0,-23.13,150.74,60.8,1.9908766000000002
295,poum,40.0,MK,2019-08-24 14:27:47,60.0,41.28,20.71,71.6,2.23694
296,aksarka,100.0,RU,2019-08-24 14:27:48,70.0,66.56,67.8,44.772800000000004,19.5955944
297,duverge,20.0,DO,2019-08-24 14:27:48,63.0,18.38,-71.52,91.4,13.869028000000002
298,husavik,100.0,CA,2019-08-24 14:23:48,45.0,50.56,-96.99,82.99400000000009,9.9991218
299,oksfjord,75.0,NO,2019-08-24 14:27:48,81.0,70.24,22.35,46.4,2.23694
300,nioro,78.0,GM,2019-08-24 14:27:48,67.0,13.79,-15.05,85.09280000000007,15.4125166
301,maniwaki,9.0,CA,2019-08-24 14:25:13,41.0,46.38,-75.98,73.5728,5.122592600000001
302,jimenez,40.0,PA,2019-08-24 14:27:49,66.0,8.54,-82.37,89.6,10.289924
303,palu,47.0,ID,2019-08-24 14:27:49,92.0,-0.9,119.87,73.75280000000005,3.2211936
304,manokwari,100.0,ID,2019-08-24 14:27:50,85.0,-0.87,134.08,73.75280000000005,4.2949248
305,nyandoma,89.0,RU,2019-08-24 14:27:50,99.0,61.67,40.21,50.17280000000001,5.122592600000001
306,teguldet,37.0,RU,2019-08-24 14:27:50,98.0,57.31,88.17,56.29280000000007,4.608096400000001
307,magomeni,75.0,TZ,2019-08-24 14:27:50,83.0,-6.8,39.25,77.0,3.35541
308,sovetskiy,100.0,RU,2019-08-24 14:27:50,83.0,56.76,48.47,58.63280000000009,10.0438606
309,inyonga,66.0,TZ,2019-08-24 14:27:51,32.0,-6.72,32.06,76.99280000000007,5.4133948
310,mayumba,78.0,GA,2019-08-24 14:27:51,87.0,-3.44,10.65,73.9328000000001,6.554234200000001
311,palaikastron,0.0,GR,2019-08-24 14:27:51,82.0,35.2,26.25,77.35280000000006,17.806042400000003
312,novo aripuana,54.0,BR,2019-08-24 14:27:51,39.0,-5.12,-60.38,94.27280000000002,3.1764548
313,avera,40.0,US,2019-08-24 14:27:52,70.0,33.19,-82.53,89.00600000000003,8.052984
314,tarakan,83.0,ID,2019-08-24 14:26:46,80.0,3.3,117.63,79.87280000000001,1.5211192000000002
315,yakeshi,0.0,CN,2019-08-24 14:27:52,86.0,49.28,120.73,52.87280000000001,1.9237684000000002
316,bonavista,97.0,CA,2019-08-24 14:27:53,80.0,48.65,-53.11,53.99600000000005,8.008245200000001
317,barcelos,7.0,BR,2019-08-24 14:27:53,41.0,-0.97,-62.93,95.35280000000006,2.7290668
318,khonsa,55.0,IN,2019-08-24 14:27:53,76.0,26.99,95.51,72.13280000000009,4.2949248
319,sao miguel do araguaia,50.0,BR,2019-08-24 14:27:54,20.0,-13.28,-50.16,95.17280000000001,7.3595326000000005
320,northam,32.0,AU,2019-08-24 14:27:54,76.0,-31.65,116.67,48.2,6.934514000000001
321,greenfield,90.0,US,2019-08-24 14:27:54,38.0,42.59,-72.6,75.99199999999999,5.816044000000001
322,bahia honda,72.0,CU,2019-08-24 14:27:55,72.0,22.9,-83.16,84.19280000000006,7.739812400000001
323,daitari,100.0,IN,2019-08-24 14:27:55,88.0,21.11,85.83,78.9728,0.8500372
324,puerto del rosario,28.0,ES,2019-08-24 14:27:55,69.0,28.5,-13.86,84.2,8.052984
325,verkhnyaya inta,100.0,RU,2019-08-24 14:27:55,91.0,65.99,60.32,48.19280000000007,6.554234200000001
326,isangel,90.0,VU,2019-08-24 14:27:55,69.0,-19.55,169.27,68.17280000000001,18.946881800000003
327,abrego,100.0,CO,2019-08-24 14:27:56,68.0,8.08,-73.22,86.17280000000001,4.854159800000001
328,najran,40.0,SA,2019-08-24 14:27:56,19.0,17.54,44.22,91.4,6.934514000000001
329,ilebo,41.0,CD,2019-08-24 14:27:56,28.0,-4.33,20.59,80.95280000000005,1.3869028
330,port hardy,75.0,CA,2019-08-24 14:27:41,100.0,50.7,-127.42,55.400000000000006,5.816044000000001
331,denpasar,40.0,ID,2019-08-24 14:27:57,88.0,-8.65,115.22,77.0,8.052984
332,lac du bonnet,99.0,CA,2019-08-24 14:27:57,50.0,50.25,-96.06,80.99600000000005,11.0057448
333,sept-iles,20.0,CA,2019-08-24 14:27:57,52.0,50.2,-66.38,66.2,11.408394
334,ust-kuyga,33.0,RU,2019-08-24 14:27:57,93.0,70.0,135.55,48.01280000000003,2.6395892
335,labuhan,33.0,ID,2019-08-24 14:27:57,90.0,-2.54,115.51,74.29280000000007,0.9395148
336,anadyr,40.0,RU,2019-08-24 14:27:58,93.0,64.73,177.51,50.0,2.23694
337,ereymentau,41.0,KZ,2019-08-24 14:27:58,61.0,51.62,73.1,66.55280000000005,6.4423872
338,ushtobe,0.0,KZ,2019-08-24 14:27:58,36.0,45.25,77.98,69.4328000000001,12.191323
339,acapulco,40.0,MX,2019-08-24 14:27:58,66.0,16.86,-99.88,87.80000000000001,5.816044000000001
340,morant bay,20.0,JM,2019-08-24 14:27:59,62.0,17.88,-76.41,89.6,26.395892000000003
341,filingue,68.0,NE,2019-08-24 14:27:59,51.0,14.35,3.32,87.9728,9.775427800000001
342,prince rupert,90.0,CA,2019-08-24 14:27:59,100.0,54.32,-130.32,55.400000000000006,3.35541
343,naifaru,100.0,MV,2019-08-24 14:28:00,75.0,5.44,73.37,82.75280000000005,11.8334126
344,namibe,81.0,AO,2019-08-24 14:28:00,92.0,-15.19,12.15,67.63280000000009,4.0712308
345,trincomalee,68.0,LK,2019-08-24 14:28:00,73.0,8.58,81.23,79.15280000000004,8.94776
346,san julian,100.0,PH,2019-08-24 14:28:00,93.0,11.75,125.45,73.0328000000001,0.2684328
347,nehe,5.0,CN,2019-08-24 14:28:01,91.0,48.48,124.88,57.91280000000003,2.0579848000000003
348,powell river,90.0,CA,2019-08-24 14:28:01,77.0,49.84,-124.52,64.4,1.2750558
349,minamiashigara,75.0,JP,2019-08-24 14:28:01,88.0,35.32,139.1,75.99199999999999,11.408394
350,hokitika,87.0,NZ,2019-08-24 14:28:01,84.0,-42.72,170.96,49.272800000000004,6.845036400000001
351,kutum,56.0,SD,2019-08-24 14:28:02,47.0,14.2,24.66,80.05280000000005,12.504494600000001
352,komsomolskiy,91.0,RU,2019-08-24 14:28:02,87.0,67.55,63.78,39.01280000000003,7.180577400000001
353,voskresenskoye,100.0,RU,2019-08-24 14:28:02,93.0,56.84,45.43,58.45280000000005,7.180577400000001
354,rafai,70.0,CF,2019-08-24 14:28:02,97.0,4.95,23.92,70.87280000000001,2.5948504
355,fukue,75.0,JP,2019-08-24 14:28:03,73.0,35.03,136.69,77.0,17.224438000000003
356,kandrian,98.0,PG,2019-08-24 14:28:03,94.0,-6.21,149.55,72.49280000000007,10.1333382
357,abu kamal,43.0,SY,2019-08-24 14:28:03,14.0,34.45,40.92,97.15280000000006,10.9162672
358,kaseda,100.0,JP,2019-08-24 14:28:03,100.0,31.42,130.32,75.00200000000008,1.9908766000000002
359,trelew,86.0,AR,2019-08-24 14:26:57,32.0,-43.25,-65.31,63.312800000000024,8.903021200000001
360,mackay,20.0,CA,2019-08-24 14:28:04,55.0,53.65,-115.58,64.4,5.816044000000001
361,la ronge,90.0,CA,2019-08-24 14:28:04,88.0,55.1,-105.3,62.6,2.5053728000000004
362,lorengau,98.0,PG,2019-08-24 14:28:05,84.0,-2.02,147.27,80.05280000000005,8.5674802
363,roma,40.0,IT,2019-08-24 14:24:15,57.0,41.89,12.48,84.2,3.35541
364,ketchikan,90.0,US,2019-08-24 14:28:05,93.0,55.34,-131.65,60.8,11.408394
365,konstantinovka,10.0,UA,2019-08-24 14:28:06,46.0,46.85,29.85,80.59280000000007,8.5674802
366,narsaq,75.0,GL,2019-08-24 14:28:06,27.0,60.91,-46.05,53.6,21.922012000000002
367,kieta,100.0,PG,2019-08-24 14:23:31,79.0,-6.22,155.63,77.71280000000003,5.8384134
368,kannangad,75.0,IN,2019-08-24 14:28:06,100.0,12.31,75.11,77.0,2.23694
369,longyearbyen,75.0,NO,2019-08-24 14:28:06,75.0,78.22,15.63,41.0,9.171454
370,mongomo,100.0,GA,2019-08-24 14:28:07,98.0,1.63,11.31,65.83280000000009,1.4763804000000003
371,beloha,7.0,MG,2019-08-24 14:28:07,75.0,-25.17,45.06,65.29280000000007,14.651957000000001
372,dauphin,90.0,CA,2019-08-24 14:26:21,94.0,51.15,-100.04,69.80000000000001,5.816044000000001
373,kapuskasing,40.0,CA,2019-08-24 14:27:39,40.0,49.42,-82.43,71.6,6.934514000000001
374,port lincoln,71.0,AU,2019-08-24 14:28:07,63.0,-34.72,135.86,52.33280000000009,18.365277400000004
375,burnie,0.0,AU,2019-08-24 14:28:08,61.0,-41.05,145.91,44.99600000000005,8.9924988
376,balabac,100.0,PH,2019-08-24 14:28:08,81.0,7.99,117.06,80.59280000000007,6.3529096
377,tabou,92.0,CI,2019-08-24 14:28:08,85.0,4.42,-7.36,75.73280000000008,7.82929
378,saint-pierre,0.0,FR,2019-08-24 14:28:09,50.0,48.95,4.24,78.80000000000001,4.697574
379,dalbandin,0.0,PK,2019-08-24 14:28:09,12.0,28.9,64.41,82.39280000000008,9.6412114
380,riyadh,0.0,SA,2019-08-24 14:25:03,16.0,24.63,46.72,95.0,5.816044000000001
381,rorvik,100.0,NO,2019-08-24 14:28:09,88.0,64.86,11.24,59.0,7.4266408
382,rabo de peixe,75.0,PT,2019-08-24 14:28:10,94.0,37.8,-25.58,71.6,16.105968
383,kihei,40.0,US,2019-08-24 14:28:10,69.0,20.76,-156.45,80.99600000000005,11.408394
384,araouane,76.0,ML,2019-08-24 14:28:10,34.0,18.9,-3.53,96.43280000000009,11.766304400000001
385,basco,1.0,US,2019-08-24 14:28:10,56.0,40.33,-91.2,77.0,12.750558000000002
386,grindavik,75.0,IS,2019-08-24 14:28:10,81.0,63.84,-22.43,53.6,6.934514000000001
387,tingi,57.0,TZ,2019-08-24 14:28:11,65.0,-11.3,35.03,67.45280000000005,6.7555588
388,tarrega,0.0,ES,2019-08-24 14:23:51,65.0,41.65,1.14,80.00600000000003,3.35541
389,nador,1.0,MA,2019-08-24 14:28:11,78.0,35.17,-2.93,77.0,8.052984
390,salalah,75.0,OM,2019-08-24 14:28:11,94.0,17.01,54.1,78.80000000000001,6.934514000000001
391,talakan,0.0,RU,2019-08-24 14:28:12,97.0,50.29,130.28,54.67280000000001,3.5343652000000003
392,sitka,69.0,US,2019-08-24 14:28:12,64.0,37.17,-99.65,80.99600000000005,15.994121000000002
393,pilar,0.0,AR,2019-08-24 14:28:12,63.0,-34.46,-58.91,66.99199999999999,8.052984
394,adelaide,75.0,AU,2019-08-24 14:25:30,87.0,-34.93,138.6,46.99400000000007,8.052984
395,fairbanks,90.0,US,2019-08-24 14:23:55,93.0,64.84,-147.72,50.0,1.8790296
396,lejanias,85.0,CO,2019-08-24 14:28:13,92.0,3.53,-74.02,57.01280000000003,6.0621074
397,cartagena del chaira,31.0,CO,2019-08-24 14:28:13,46.0,1.33,-74.84,89.23280000000008,4.831790400000001
398,san juan,0.0,AR,2019-08-24 14:27:00,23.0,-31.54,-68.53,62.05280000000005,6.5094954000000005
399,hami,13.0,CN,2019-08-24 14:28:14,21.0,42.84,93.51,78.61280000000002,20.9377584
400,brattleboro,75.0,US,2019-08-24 14:28:14,49.0,42.85,-72.56,75.2,9.171454
401,richards bay,0.0,ZA,2019-08-24 14:28:14,67.0,-28.77,32.06,71.95280000000005,18.7008184
402,cockburn town,84.0,TC,2019-08-24 14:28:15,78.0,21.46,-71.14,84.01280000000003,18.365277400000004
403,rauma,0.0,FI,2019-08-24 14:25:56,93.0,61.13,21.5,53.6,2.23694
404,huron,40.0,US,2019-08-24 14:28:15,61.0,44.36,-98.21,78.80000000000001,17.224438000000003
405,shahgarh,100.0,IN,2019-08-24 14:28:15,85.0,24.31,79.12,77.35280000000006,5.077853800000001
406,ozernovskiy,99.0,RU,2019-08-24 14:28:15,85.0,51.5,156.52,47.11280000000003,5.525241800000001
407,tonota,0.0,BW,2019-08-24 14:28:16,28.0,-21.44,27.46,60.8,5.816044000000001
408,college,90.0,US,2019-08-24 14:28:16,93.0,64.86,-147.8,50.0,1.8790296
409,novyy svit,0.0,UA,2019-08-24 14:28:16,52.0,47.81,38.02,80.05280000000005,10.692573200000002
410,talnakh,90.0,RU,2019-08-24 14:28:16,93.0,69.49,88.39,53.6,2.23694
411,loiza,40.0,PR,2019-08-24 14:28:16,74.0,18.43,-65.88,89.99600000000005,18.342908
412,troitsk,100.0,RU,2019-08-24 14:28:17,71.0,54.08,61.55,58.45280000000005,3.5119958000000002
413,saquarema,20.0,BR,2019-08-24 14:28:17,73.0,-22.93,-42.51,71.6,10.289924
414,san quintin,100.0,PH,2019-08-24 14:28:17,88.0,17.54,120.52,75.91280000000003,6.666081200000001
415,nanortalik,100.0,GL,2019-08-24 14:28:17,58.0,60.14,-45.24,45.49280000000007,12.079476000000001
416,kahului,40.0,US,2019-08-24 14:28:18,69.0,20.89,-156.47,80.99600000000005,11.408394
417,tombouctou,87.0,ML,2019-08-24 14:28:18,41.0,16.77,-3.01,92.11280000000002,9.2385622
418,muros,0.0,ES,2019-08-24 14:28:18,82.0,42.77,-9.06,71.99600000000005,8.052984
419,anyama,20.0,CI,2019-08-24 14:28:18,94.0,5.5,-4.06,77.0,9.171454
420,road town,40.0,VG,2019-08-24 14:23:48,66.0,18.42,-64.62,89.6,9.171454
421,woodstock,75.0,CA,2019-08-24 14:25:29,49.0,43.13,-80.75,71.99600000000005,5.816044000000001
422,tura,75.0,RU,2019-08-24 14:28:19,71.0,64.27,100.22,53.95280000000005,3.2659324
423,adrar,50.0,DZ,2019-08-24 14:28:19,10.0,27.87,-0.29,109.4,20.803542000000004
424,saint-leu,75.0,RE,2019-08-24 14:28:20,78.0,-21.15,55.28,73.4,16.105968
425,tamandare,1.0,BR,2019-08-24 14:28:20,26.0,-8.28,-70.75,99.31280000000002,2.3711564000000003
426,guerrero negro,0.0,MX,2019-08-24 14:28:20,76.0,27.97,-114.04,71.59280000000007,3.802798
427,karpathos,20.0,GR,2019-08-24 14:24:07,88.0,35.51,27.21,77.0,13.869028000000002
428,juneau,90.0,US,2019-08-24 14:24:22,93.0,58.3,-134.42,57.2,5.816044000000001
429,magadan,51.0,RU,2019-08-24 14:23:57,95.0,59.56,150.8,52.51280000000003,6.330540200000001
430,tezu,7.0,IN,2019-08-24 14:28:21,66.0,27.93,96.16,78.25280000000005,3.4225182000000003
431,ornskoldsvik,36.0,SE,2019-08-24 14:28:21,67.0,63.29,18.72,57.2,4.697574
432,asyut,0.0,EG,2019-08-24 14:28:21,38.0,27.18,31.19,87.80000000000001,7.8516594
433,ormara,8.0,PK,2019-08-24 14:28:21,78.0,25.21,64.64,80.41280000000003,7.5161184
434,pangnirtung,90.0,CA,2019-08-24 14:28:21,87.0,66.15,-65.72,46.4,16.105968
435,wahiawa,75.0,US,2019-08-24 14:28:22,74.0,21.5,-158.02,86.0,9.171454
436,wanning,20.0,AT,2019-08-24 14:28:22,69.0,48.64,13.53,75.00200000000008,5.816044000000001
437,iralaya,40.0,HN,2019-08-24 14:28:22,66.0,15.0,-83.23,89.6,10.289924
438,seymchan,99.0,RU,2019-08-24 14:28:22,79.0,62.93,152.39,50.532800000000094,5.0554844
439,portland,75.0,US,2019-08-24 14:24:50,53.0,43.66,-70.25,73.99400000000009,9.171454
440,tual,10.0,ID,2019-08-24 14:28:23,84.0,-5.67,132.75,75.73280000000008,15.054606200000002
441,fortuna,75.0,US,2019-08-24 14:28:23,77.0,40.6,-124.16,86.0,9.171454
442,dicabisagan,100.0,PH,2019-08-24 14:28:23,79.0,17.08,122.42,76.09280000000007,3.4225182000000003
443,buraydah,0.0,SA,2019-08-24 14:28:23,24.0,26.33,43.97,91.4,3.35541
444,wasilla,1.0,US,2019-08-24 14:28:23,55.0,61.58,-149.44,60.8,3.131716
445,roebourne,0.0,AU,2019-08-24 14:28:24,64.0,-20.77,117.15,64.39280000000008,8.3661556
446,kampong thum,100.0,KH,2019-08-24 14:28:24,87.0,12.71,104.89,78.4328000000001,6.5094954000000005
447,camopi,47.0,GF,2019-08-24 14:28:24,50.0,3.17,-52.33,89.23280000000008,2.9751302
448,ullal,75.0,IN,2019-08-24 14:28:24,94.0,12.8,74.85,75.2,10.961006000000001
449,chumikan,80.0,RU,2019-08-24 14:28:25,96.0,54.72,135.31,45.852800000000045,2.5948504
450,buchanan,75.0,LR,2019-08-24 14:28:25,94.0,5.88,-10.05,78.80000000000001,12.6163416
451,limon,1.0,US,2019-08-24 14:28:25,39.0,39.26,-103.69,80.99600000000005,6.934514000000001
452,lingao,62.0,CN,2019-08-24 14:28:25,82.0,19.91,109.69,82.9328000000001,11.2070694
453,kodar,100.0,IN,2019-08-24 14:28:26,75.0,16.98,79.97,74.4728,6.643711800000001
454,camapua,0.0,BR,2019-08-24 14:28:26,15.0,-19.53,-54.04,93.37280000000001,3.4001488
455,soubre,76.0,CI,2019-08-24 14:28:26,94.0,5.79,-6.61,75.19280000000006,4.451510600000001
456,biak,83.0,ID,2019-08-24 14:28:26,98.0,-0.91,122.88,63.852800000000045,3.914645
457,shahr-e babak,0.0,IR,2019-08-24 14:28:27,13.0,30.12,55.12,73.21280000000003,15.5691024
458,erzin,0.0,TR,2019-08-24 14:28:27,74.0,36.95,36.2,82.99400000000009,17.224438000000003
459,pinsk,0.0,BY,2019-08-24 14:28:27,73.0,52.11,26.1,60.79280000000007,2.23694
460,malinovskiy,0.0,RU,2019-08-24 14:28:27,91.0,54.15,34.53,58.812800000000024,5.0554844
461,belaya gora,100.0,RU,2019-08-24 14:28:27,88.0,68.54,146.19,58.63280000000009,3.9593838000000003
462,san andres,100.0,PH,2019-08-24 14:28:28,83.0,13.32,122.68,79.87280000000001,11.520241000000002
463,namatanai,100.0,PG,2019-08-24 14:28:28,87.0,-3.66,152.44,77.71280000000003,11.9005208
464,barra do garcas,0.0,BR,2019-08-24 14:28:28,22.0,-15.89,-52.26,96.8,2.23694
465,batesville,90.0,US,2019-08-24 14:28:28,88.0,35.77,-91.64,78.00800000000001,6.934514000000001
466,acari,21.0,BR,2019-08-24 14:28:29,27.0,-6.44,-36.64,92.83280000000009,14.405893600000002
467,ambilobe,38.0,MG,2019-08-24 14:28:29,68.0,-13.19,49.05,72.85280000000006,8.5451108
468,malanje,55.0,AO,2019-08-24 14:28:29,18.0,-9.54,16.35,73.75280000000005,3.7133204
469,varhaug,0.0,NO,2019-08-24 14:28:29,77.0,58.61,5.65,64.99400000000009,6.934514000000001
470,chegdomyn,87.0,RU,2019-08-24 14:28:29,95.0,51.13,133.04,53.95280000000005,1.0289924000000001
471,tokmak,0.0,UA,2019-08-24 14:28:30,54.0,47.26,35.7,78.9728,12.079476000000001
472,buala,100.0,SB,2019-08-24 14:28:30,83.0,-8.15,159.59,79.33280000000009,12.728188600000001
473,magnaga,75.0,PH,2019-08-24 14:28:30,88.0,7.17,125.89,80.6,5.122592600000001
474,macultepec,5.0,MX,2019-08-24 14:28:30,47.0,18.17,-92.83,96.8,4.138339
475,minna,75.0,NG,2019-08-24 14:28:30,100.0,9.62,6.55,73.4,6.934514000000001
476,stokmarknes,20.0,NO,2019-08-24 14:28:31,71.0,68.56,14.91,51.8,8.052984
477,dicamay,100.0,PH,2019-08-24 14:28:31,83.0,16.76,122.0,75.37280000000001,1.2974252
478,severo-yeniseyskiy,75.0,RU,2019-08-24 14:28:31,87.0,60.37,93.04,51.79280000000007,3.2883018
479,mahibadhoo,94.0,MV,2019-08-24 14:28:31,71.0,3.78,72.97,82.5728,8.075353400000001
480,kapit,100.0,MY,2019-08-24 14:28:32,98.0,2.02,112.94,72.67280000000001,1.006623
481,blagoyevo,100.0,RU,2019-08-24 14:28:32,96.0,63.37,47.92,51.25280000000005,3.0646078000000005
482,zhenhai,0.0,CN,2019-08-24 14:28:32,88.0,29.95,121.71,84.00200000000008,6.71082
483,pacific grove,1.0,US,2019-08-24 14:28:32,72.0,36.62,-121.92,87.99800000000002,6.934514000000001
484,gritsovskiy,17.0,RU,2019-08-24 14:28:33,80.0,54.14,38.16,59.17280000000001,8.231939200000001
485,pomabamba,58.0,PE,2019-08-24 14:28:33,40.0,-8.82,-77.46,51.79280000000007,8.299047400000001
486,rio branco,0.0,BR,2019-08-24 14:28:33,38.0,-9.98,-67.82,93.2,4.697574
487,karratha,0.0,AU,2019-08-24 14:28:34,60.0,-20.74,116.85,63.852800000000045,7.113469200000001
488,griffith,18.0,AU,2019-08-24 14:28:34,93.0,-34.29,146.06,46.4,8.3661556
489,gamba,100.0,CN,2019-08-24 14:28:34,72.0,28.28,88.52,42.61280000000003,6.5318648
490,chauk,100.0,MM,2019-08-24 14:28:34,90.0,20.89,94.82,76.45280000000005,2.2816788000000003
491,morlaix,0.0,FR,2019-08-24 14:28:35,88.0,48.58,-3.83,68.0,4.697574
492,hirara,58.0,JP,2019-08-24 14:28:35,80.0,24.8,125.28,84.73280000000008,27.4919926
493,taltal,0.0,CL,2019-08-24 14:28:35,61.0,-25.41,-70.49,61.51280000000003,6.1739543999999995
494,ekibastuz,17.0,KZ,2019-08-24 14:28:35,46.0,51.72,75.32,70.51280000000003,12.012367800000002
495,villa del rosario,0.0,AR,2019-08-24 14:28:36,37.0,-31.55,-63.53,73.00400000000005,16.105968
496,rawson,86.0,AR,2019-08-24 14:28:36,32.0,-43.3,-65.11,63.312800000000024,8.903021200000001
497,sibolga,100.0,ID,2019-08-24 14:28:36,71.0,1.74,98.78,80.23280000000008,9.663580800000002
498,sheridan,75.0,US,2019-08-24 14:28:36,24.0,39.65,-105.03,82.99400000000009,6.934514000000001
499,ankazoabo,0.0,MG,2019-08-24 14:28:37,41.0,-22.29,44.51,64.9328000000001,4.6528352
500,chinsali,38.0,ZM,2019-08-24 14:28:37,43.0,-10.55,32.07,66.19280000000006,8.6345884
501,necochea,100.0,AR,2019-08-24 14:28:37,47.0,-38.55,-58.74,64.00400000000005,12.9966214
502,jiancheng,0.0,CN,2019-08-24 14:28:37,74.0,30.39,104.55,80.6,4.250186
503,japura,74.0,ID,2019-08-24 14:28:38,73.0,-0.42,102.29,75.55280000000005,1.5434885999999999
504,maracaju,0.0,BR,2019-08-24 14:28:38,22.0,-21.61,-55.17,87.9728,6.4647566
505,sao felix do xingu,32.0,BR,2019-08-24 14:26:25,33.0,-6.64,-51.99,93.01280000000003,6.084476800000001
506,ostrovnoy,100.0,RU,2019-08-24 14:28:38,94.0,68.05,39.51,44.05280000000005,12.258431200000002
507,ellisras,0.0,ZA,2019-08-24 14:28:38,14.0,-23.67,27.74,62.772800000000004,9.037237600000001
508,dwarka,40.0,IN,2019-08-24 14:28:39,88.0,28.58,77.04,91.00400000000005,4.697574
509,dongtai,50.0,CN,2019-08-24 14:28:39,86.0,32.85,120.31,70.51280000000003,6.9121446
510,cervo,0.0,BR,2019-08-24 14:28:39,35.0,-22.19,-46.24,71.6,4.250186
511,yokadouma,98.0,CM,2019-08-24 14:28:40,98.0,3.52,15.05,69.25280000000005,2.013246
512,gorele,40.0,TR,2019-08-24 14:28:40,73.0,41.03,39.0,77.0,2.23694
513,ismailia,0.0,EG,2019-08-24 14:28:40,68.0,30.6,32.27,79.33280000000009,8.746435400000001
514,parabel,29.0,RU,2019-08-24 14:28:40,88.0,58.71,81.5,56.29280000000007,9.2385622
515,palmer,75.0,AU,2019-08-24 14:28:37,87.0,-34.85,139.16,46.99400000000007,8.052984
516,joshimath,97.0,IN,2019-08-24 14:28:41,95.0,30.57,79.57,55.392800000000065,1.901399
517,thinadhoo,100.0,MV,2019-08-24 14:28:41,70.0,0.53,72.93,83.29280000000007,9.3056704
518,havre-saint-pierre,1.0,CA,2019-08-24 14:24:01,59.0,50.23,-63.6,60.8,17.224438000000003
519,trairi,0.0,BR,2019-08-24 14:28:41,27.0,-3.28,-39.27,93.91280000000003,10.155707600000001
520,cingoli,40.0,IT,2019-08-24 14:28:42,83.0,43.37,13.22,78.99800000000002,11.408394
521,cairns,90.0,AU,2019-08-24 14:25:29,82.0,-16.92,145.77,64.4,10.289924
522,metro,22.0,ID,2019-08-24 14:28:42,89.0,-5.11,105.31,71.95280000000005,8.4556332
523,rzhev,83.0,RU,2019-08-24 14:28:42,96.0,56.26,34.33,55.75280000000005,5.1897008
524,mount hagen,73.0,PG,2019-08-24 14:28:43,91.0,-5.86,144.23,44.05280000000005,3.2883018
525,guajara,40.0,BR,2019-08-24 14:28:43,74.0,-0.88,-48.16,86.0,11.408394
526,te anau,82.0,NZ,2019-08-24 14:28:43,81.0,-45.41,167.72,44.952800000000046,9.8201666
527,corner brook,75.0,CA,2019-08-24 14:28:43,62.0,48.95,-57.95,60.8,11.408394
528,christchurch,0.0,NZ,2019-08-24 14:28:43,100.0,-43.53,172.64,46.99400000000007,3.35541
529,kutoarjo,64.0,ID,2019-08-24 14:28:44,96.0,-7.72,109.9,67.27280000000002,0.31317160000000005
530,krasnoarmeysk,40.0,RU,2019-08-24 14:28:44,77.0,56.12,38.15,66.99199999999999,11.184700000000001
531,canals,0.0,ES,2019-08-24 14:28:44,69.0,38.96,-0.58,82.00400000000005,5.816044000000001
532,dunedin,93.0,NZ,2019-08-24 14:28:44,50.0,-45.87,170.5,50.0,5.010745600000001
533,hailar,0.0,CN,2019-08-24 14:28:45,86.0,49.2,119.7,55.032800000000094,2.23694
534,mossendjo,95.0,CG,2019-08-24 14:28:45,67.0,-2.95,12.72,76.99280000000007,2.9527608000000005
535,quepos,40.0,CR,2019-08-24 14:28:45,48.0,9.43,-84.16,86.0,12.750558000000002
536,mount isa,1.0,AU,2019-08-24 14:28:45,39.0,-20.73,139.49,46.4,11.318916399999999
537,berezovyy,96.0,RU,2019-08-24 14:28:46,97.0,51.67,135.7,46.21280000000003,2.2816788000000003
538,tereze,40.0,RU,2019-08-24 14:28:46,47.0,43.94,42.44,82.00400000000005,8.94776
539,myitkyina,0.0,MM,2019-08-24 14:28:46,83.0,25.38,97.4,74.29280000000007,2.6843280000000003
540,lazaro cardenas,75.0,MX,2019-08-24 14:28:46,44.0,28.39,-105.62,80.6,5.816044000000001
541,waterloo,75.0,SL,2019-08-24 14:28:47,78.0,8.34,-13.07,82.4,9.171454
542,gallup,1.0,US,2019-08-24 14:23:52,14.0,35.53,-108.74,87.80000000000001,12.750558000000002
543,flinders,0.0,AU,2019-08-24 14:28:47,52.0,-34.58,150.85,59.0,6.934514000000001
544,elizabeth city,90.0,US,2019-08-24 14:26:40,73.0,36.3,-76.22,75.99199999999999,14.987498000000002
545,presidencia roque saenz pena,19.0,AR,2019-08-24 14:28:35,31.0,-26.79,-60.44,79.51280000000003,7.493749000000001
546,la romana,40.0,DO,2019-08-24 14:28:48,59.0,18.43,-68.97,91.4,13.869028000000002
547,mutengene,75.0,CM,2019-08-24 14:28:48,100.0,4.09,9.32,73.4,6.8674058
548,mareeba,90.0,AU,2019-08-24 14:28:48,82.0,-16.99,145.42,64.4,10.289924
549,ca mau,100.0,VN,2019-08-24 14:28:48,84.0,9.18,105.15,79.51280000000003,4.6528352
550,kudahuvadhoo,99.0,MV,2019-08-24 14:28:49,69.0,2.67,72.89,83.29280000000007,7.806920600000001
551,inongo,42.0,CD,2019-08-24 14:28:49,60.0,-1.93,18.29,81.13280000000009,2.9080220000000003
552,zhezkazgan,0.0,KZ,2019-08-24 14:28:49,31.0,47.8,67.71,64.4,4.47388
553,galesong,20.0,ID,2019-08-24 14:28:49,100.0,-5.32,119.37,71.6,2.23694
554,novyy urengoy,100.0,RU,2019-08-24 14:28:50,97.0,66.08,76.63,53.95280000000005,4.854159800000001
555,bhadrachalam,100.0,IN,2019-08-24 14:28:50,79.0,17.67,80.89,74.65280000000004,4.4291412
556,mogadishu,11.0,SO,2019-08-24 14:28:50,83.0,2.04,45.34,76.63280000000009,14.316416000000002
557,san antonio,0.0,CL,2019-08-24 14:26:36,82.0,-33.58,-71.61,69.80000000000001,9.171454
